seq_id	P5_mean_fpkm	P6_mean_fpkm	logFC.P6.P5.	p.value	significant	regulate	KO	Pathway	g	abslogfc	KO_g
comp14331_c0_seq2.2921.4456.minus.P13	0	4.2	5.43	5.69E-06	yes	up	K02111	"map00190,map00195,map01100"	Maricaulis	5.43	K02111_Maricaulis
comp33543_c6_seq1.9204.10064.plus.P31	78.1	6.1	-3.66	5.78E-05	yes	down	K02115	"map00190,map00195,map01100"	Alteromonas	3.66	K02115_Alteromonas
comp33543_c6_seq1.5371.6204.plus.P31	162.45	10.8	-3.9	9.80E-05	yes	down	K02108	"map00190,map00195,map01100"	Alteromonas	3.9	K02108_Alteromonas
comp33543_c6_seq1.7057.7590.plus.P31	127.82	7.01	-4.17	0.000108	yes	down	K02113	"map00190,map00195,map01100"	Alteromonas	4.17	K02113_Alteromonas
comp33543_c6_seq1.6572.7042.plus.P31	188	13.06	-3.84	0.00013	yes	down	K02109	"map00190,map00195,map01100"	Alteromonas	3.84	K02109_Alteromonas
comp33543_c6_seq1.7604.9145.plus.P31	150.43	11.22	-3.73	0.000146	yes	down	K02111	"map00190,map00195,map01100"	Alteromonas	3.73	K02111_Alteromonas
comp33543_c6_seq1.11544.11957.plus.P31	42.31	2.81	-3.86	0.000155	yes	down	K02114	"map00190,map00195,map01100"	Alteromonas	3.86	K02114_Alteromonas
comp33543_c6_seq1.10098.11483.plus.P31	86.02	7.77	-3.45	0.000175	yes	down	K02112	"map00190,map00195,map01100"	Alteromonas	3.45	K02112_Alteromonas
comp33543_c6_seq1.6304.6534.plus.P31	93.72	12.9	-2.85	0.00431	no	down	K02110	"map00190,map00195,map01100"	Alteromonas	2.85	K02110_Alteromonas
comp17876_c0_seq4.757.2289.plus.P62	1.16	0	-3.66	0.0056	no	down	K02111	"map00190,map00195,map01100"	Hwanghaeella	3.66	K02111_Hwanghaeella
comp14336_c0_seq1.79.273.plus.P11	0	4.37	5.48	0.0183	no	up	K02110	"map00190,map00195,map01100"	Psychroserpens	5.48	K02110_Psychroserpens
comp30393_c0_seq1.33.1565.minus.P33	0.26	1.76	2.36	0.0306	no	up	K02111	"map00190,map00195,map01100"	Oceaniradius	2.36	K02111_Oceaniradius
comp22153_c0_seq2.2533.4113.plus.P21	1.99	6.03	1.56	0.0361	no	up	K02111	"map00190,map00195,map01100"	Psychroserpens	1.56	K02111_Psychroserpens
comp11135_c0_seq1.101.343.minus.P71	2.98	9.76	1.68	0.0363	no	up	K02110	"map00190,map00195,map01100"	Marinobacter	1.68	K02110_Marinobacter
comp17615_c2_seq8.1.774.minus.P11	2.72	7.07	1.35	0.0435	no	up	K02112	"map00190,map00195,map01100"	Marinobacter	1.35	K02112_Marinobacter
comp21583_c0_seq1.47.1609.plus.P51	337.41	7.18	-5.54	2.80E-11	yes	down	K01610	"map00010,map00020,map00620,map00710,map01100,map01110,map01120,map01200"	Alteromonas	5.54	K01610_Alteromonas
comp28541_c0_seq1.7276.8433.plus.P31	34.6	0.82	-5.24	1.36E-07	yes	down	K00121	"map00010,map00071,map00350,map00620,map00625,map00626,map00680,map00830,map00980,map00982,map01100,map01110,map01120,map01200,map01220,map04936"	Alteromonas	5.24	K00121_Alteromonas
comp28884_c0_seq1.8022.10394.plus.P31	192.08	5.77	-5.03	1.80E-07	yes	down	K01007	"map00010,map00620,map00680,map00720,map01100,map01110,map01120,map01200"	Alteromonas	5.03	K01007_Alteromonas
comp33339_c0_seq1.37.1458.minus.P31	110.78	5.18	-4.39	1.35E-06	yes	down	K00382	"map00010,map00020,map00260,map00280,map00310,map00380,map00620,map00630,map00640,map01100,map01110,map01120,map01200,map01240"	Alteromonas	4.39	K00382_Alteromonas
comp29799_c0_seq1.1112.2557.plus.P33	226.68	4.76	-5.55	1.72E-06	yes	down	K00134	"map00010,map00710,map01100,map01110,map01120,map01200,map01230,map04066,map05010,map05130,map05132,map05415"	Alteromonas	5.55	K00134_Alteromonas
comp30713_c0_seq1.13867.14766.plus.P31	113.48	8.12	-3.79	3.19E-06	yes	down	K01623	"map00010,map00030,map00051,map00680,map00710,map01100,map01110,map01120,map01200,map01230,map04066"	Alteromonas	3.79	K01623_Alteromonas
comp49876_c0_seq1.7185.9233.plus.P32	50.42	0.95	-5.59	6.33E-06	yes	down	K00627	"map00010,map00020,map00620,map01100,map01110,map01120,map01200"	Alteromonas	5.59	K00627_Alteromonas
comp49876_c0_seq1.4488.7163.plus.P32	64.97	1.42	-5.42	1.04E-05	yes	down	K00163	"map00010,map00020,map00620,map01100,map01110,map01120,map01200"	Alteromonas	5.42	K00163_Alteromonas
comp16495_c0_seq1.8383.9789.plus.P31	37.07	3.82	-3.24	1.44E-05	yes	down	K00128	"map00010,map00053,map00071,map00280,map00310,map00330,map00340,map00380,map00410,map00561,map00620,map00625,map00770,map00903,map00981,map01100,map01110,map01120,map01240,map04936"	Alteromonas	3.24	K00128_Alteromonas
comp49797_c0_seq1.19949.21598.plus.P32	42.16	2.3	-4.14	1.55E-05	yes	down	K01810	"map00010,map00030,map00500,map00520,map01100,map01110,map01120,map01200,map01250"	Alteromonas	4.14	K01810_Alteromonas
comp30880_c0_seq1.6375.7667.plus.P33	91.84	4.39	-4.36	7.59E-05	yes	down	K01689	"map00010,map00680,map01100,map01110,map01120,map01200,map01230,map03018,map04066"	Alteromonas	4.36	K01689_Alteromonas
comp30713_c0_seq1.12390.13565.plus.P31	23.69	2.33	-3.29	8.95E-05	yes	down	K00927	"map00010,map00710,map01100,map01110,map01120,map01200,map01230,map04066"	Alteromonas	3.29	K00927_Alteromonas
comp50148_c50_seq1.1182.2159.plus.P32	43.51	4.57	-3.22	0.000142	yes	down	K03841	"map00010,map00030,map00051,map00680,map00710,map01100,map01110,map01120,map01200,map04152,map04910,map04922"	Alteromonas	3.22	K03841_Alteromonas
comp13265_c0_seq1.9327.10979.plus.P33	34.31	3.89	-3.11	0.000184	yes	down	K01835	"map00010,map00030,map00052,map00230,map00500,map00520,map00521,map01100,map01110,map01120,map01250"	Alteromonas	3.11	K01835_Alteromonas
comp33593_c0_seq1.15095.16909.plus.P31	62.66	11.8	-2.4	0.000229	yes	down	K00114	"map00010,map00620,map00625,map01100,map01110,map01120"	Alteromonas	2.4	K00114_Alteromonas
comp33652_c0_seq1.1378.2397.plus.P31	36.8	5.35	-2.76	0.000476	yes	down	K01785	"map00010,map00052,map01100,map01110,map01120"	Alteromonas	2.76	K01785_Alteromonas
comp33987_c0_seq1.1123.1623.plus.P31	5.57	0.42	-3.46	0.000478	yes	down	K02777	"map00010,map00500,map00520,map01100,map02026,map02060,map05111"	Alteromonas	3.46	K02777_Alteromonas
comp50221_c0_seq1.123.1163.minus.P32	13.89	2.19	-2.61	0.000489	yes	down	K12957	"map00010,map00281,map00620,map01100,map01110,map01120"	Alteromonas	2.61	K12957_Alteromonas
comp33650_c0_seq1.12173.12919.plus.P31	57.61	6.9	-3.04	0.00054	yes	down	K01834	"map00010,map00260,map00680,map01100,map01110,map01120,map01200,map01230,map04922,map05230"	Alteromonas	3.04	K01834_Alteromonas
comp36848_c0_seq1.22.1314.plus.P31	0.37	3.3	2.85	0.000572	yes	up	K01689	"map00010,map00680,map01100,map01110,map01120,map01200,map01230,map03018,map04066"	Psychroserpens	2.85	K01689_Psychroserpens
comp33173_c1_seq1.20372.21223.plus.P31	11.11	1.04	-3.3	0.000729	yes	down	K01792	"map00010,map01100,map01110,map01120"	Alteromonas	3.3	K01792_Alteromonas
comp8977_c0_seq1.2094.3611.plus.P51	557.37	134.46	-2.05	0.000911	yes	down	K00138	"map00010,map00620,map01100,map01110,map01120"	Alteromonas	2.05	K00138_Alteromonas
comp33911_c0_seq1.174.1610.plus.P31	27.79	4.35	-2.65	0.000997	yes	down	K00873	"map00010,map00620,map01100,map01110,map01120,map01200,map01230,map04922,map04930,map05165,map05203,map05230"	Alteromonas	2.65	K00873_Alteromonas
comp20976_c0_seq1.5314.6177.plus.P51	41.36	7.18	-2.51	0.00112	yes	down	K00845	"map00010,map00052,map00500,map00520,map00521,map00524,map01100,map01110,map01120,map01200,map01250"	Alteromonas	2.51	K00845_Alteromonas
comp15589_c2_seq1.322.1038.plus.P52	106.25	10.14	-3.38	0.00145	yes	down	K01803	"map00010,map00051,map00562,map00710,map01100,map01110,map01120,map01200,map01230"	Alteromonas	3.38	K01803_Alteromonas
comp74804_c0_seq1.1.438.minus.P63	0.1	3.32	4.11	0.00199	no	up	K00382	"map00010,map00020,map00260,map00280,map00310,map00380,map00620,map00630,map00640,map01100,map01110,map01120,map01200,map01240"	Psychroserpens	4.11	K00382_Psychroserpens
comp29274_c0_seq3.1.916.minus.P33	0.14	1.56	2.77	0.00224	no	up	K00163	"map00010,map00020,map00620,map01100,map01110,map01120,map01200"	Marinobacter	2.77	K00163_Marinobacter
comp32664_c0_seq1.1.1924.minus.P41	0.02	0.66	2.7	0.0023	no	up	K01006	"map00010,map00620,map00710,map00720,map01100,map01110,map01120,map01200"	Hwanghaeella	2.7	K01006_Hwanghaeella
comp7047_c0_seq1.26.881.minus.P53	1.6	6.19	1.89	0.00732	no	up	K00114	"map00010,map00620,map00625,map01100,map01110,map01120"	Marinobacter	1.89	K00114_Marinobacter
comp14712_c0_seq1.50.1351.plus.P43	0.09	1.14	2.69	0.0092	no	up	K01689	"map00010,map00680,map01100,map01110,map01120,map01200,map01230,map03018,map04066"	Marinobacter	2.69	K01689_Marinobacter
comp14823_c0_seq1.272.1738.minus.P11	1.02	0.11	-2.42	0.0112	no	down	K00174	"map00010,map00020,map00620,map00650,map00720,map01100,map01110,map01120,map01200"	Hwanghaeella	2.42	K00174_Hwanghaeella
comp15821_c0_seq1.1.786.minus.P62	0.38	2	2.13	0.0127	no	up	K00845	"map00010,map00052,map00500,map00520,map00521,map00524,map01100,map01110,map01120,map01200,map01250"	Maricaulis	2.13	K00845_Maricaulis
comp16877_c0_seq1.7.432.plus.P11	6.65	19.68	1.55	0.0166	no	up	K00138	"map00010,map00620,map01100,map01110,map01120"	Marinobacter	1.55	K00138_Marinobacter
comp33011_c11_seq1.2125.4071.plus.P31	24.14	8.78	-1.45	0.0173	no	down	K01895	"map00010,map00620,map00630,map00640,map00680,map00720,map01100,map01110,map01120,map01200"	Alteromonas	1.45	K01895_Alteromonas
comp17610_c4_seq4.1.1229.minus.P11	1.16	3.77	1.62	0.0289	no	up	K00382	"map00010,map00020,map00260,map00280,map00310,map00380,map00620,map00630,map00640,map01100,map01110,map01120,map01200,map01240"	Marinobacter	1.62	K00382_Marinobacter
comp102743_c0_seq1.1.482.minus.P33	0.08	1.12	2.73	0.0294	no	up	K00873	"map00010,map00620,map01100,map01110,map01120,map01200,map01230,map04922,map04930,map05165,map05203,map05230"	Hwanghaeella	2.73	K00873_Hwanghaeella
comp82856_c0_seq1.1.849.minus.P43	0.34	1.48	1.85	0.0321	no	up	K00627	"map00010,map00020,map00620,map01100,map01110,map01120,map01200"	Marinobacter	1.85	K00627_Marinobacter
comp18060_c0_seq2.1.892.minus.P61	0.76	2.95	1.83	0.0329	no	up	K21071	"map00010,map00030,map00051,map00052,map00680,map01100,map01110,map01120,map01200,map01230"	Marinobacter	1.83	K21071_Marinobacter
comp49288_c3_seq1.503.1945.minus.P32	0.22	0.88	1.6	0.0355	no	up	K00873	"map00010,map00620,map01100,map01110,map01120,map01200,map01230,map04922,map04930,map05165,map05203,map05230"	Psychroserpens	1.6	K00873_Psychroserpens
comp33257_c0_seq1.1.685.minus.P31	0.96	2.96	1.53	0.037	no	up	K01624	"map00010,map00030,map00051,map00680,map00710,map01100,map01110,map01120,map01200,map01230"	Marinobacter	1.53	K01624_Marinobacter
comp17324_c0_seq1.401.1182.minus.P21	0.74	2.3	1.51	0.0382	no	up	K01803	"map00010,map00051,map00562,map00710,map01100,map01110,map01120,map01200,map01230"	Psychroserpens	1.51	K01803_Psychroserpens
comp17434_c0_seq2.738.1445.minus.P42	0	0.63	2.86	0.0382	no	up	K01895	"map00010,map00620,map00630,map00640,map00680,map00720,map01100,map01110,map01120,map01200"	Marinobacter	2.86	K01895_Marinobacter
comp16866_c1_seq1.1.1429.minus.P63	0	0.42	2.38	0.0385	no	up	K01895	"map00010,map00620,map00630,map00640,map00680,map00720,map01100,map01110,map01120,map01200"	Oceaniradius	2.38	K01895_Oceaniradius
comp20337_c0_seq1.448.1968.plus.P12	7.61	16.86	1.14	0.0444	no	up	K15778	"map00010,map00030,map00051,map00052,map00230,map00500,map00520,map00521,map01100,map01110,map01120,map01250"	Maricaulis	1.14	K15778_Maricaulis
comp37196_c0_seq1.12.998.plus.P31	1.01	3.25	1.6	0.0495	no	up	K00850	"map00010,map00030,map00051,map00052,map00680,map01100,map01110,map01120,map01200,map01230,map03018,map04066,map04152,map04919,map04922,map05230"	Psychroserpens	1.6	K00850_Psychroserpens
comp33113_c0_seq1.6317.7270.plus.P31	3.26	0.04	-4.63	1.87E-06	yes	down	K00616	"map00030,map01100,map01110,map01120,map01200,map01230"	Alteromonas	4.63	K00616_Alteromonas
comp24534_c0_seq1.58.576.plus.P32	17.81	0.78	-4.35	2.42E-06	yes	down	K00851	"map00030,map01100,map01110,map01120,map01200"	Alteromonas	4.35	K00851_Alteromonas
comp30422_c0_seq1.5259.5921.plus.P33	30.89	2.6	-3.52	1.29E-05	yes	down	K01807	"map00030,map00710,map01100,map01110,map01120,map01200,map01230"	Alteromonas	3.52	K01807_Alteromonas
comp30422_c0_seq1.683.1579.plus.P33	43.97	2.27	-4.22	4.53E-05	yes	down	K00852	"map00030,map01100"	Alteromonas	4.22	K00852_Alteromonas
comp34479_c0_seq1.11006.11950.plus.P31	7.08	0.54	-3.5	4.90E-05	yes	down	K00874	"map00030,map01100,map01120,map01200"	Alteromonas	3.5	K00874_Alteromonas
comp49566_c2_seq1.17380.18129.plus.P32	54.14	6.6	-3.02	0.000123	yes	down	K01783	"map00030,map00040,map00710,map01100,map01110,map01120,map01200,map01230"	Alteromonas	3.02	K01783_Alteromonas
comp27767_c1_seq1.1124.3168.minus.P33	3.07	0.18	-3.5	0.000225	yes	down	K00615	"map00030,map00710,map01051,map01100,map01110,map01120,map01200,map01230"	Alteromonas	3.5	K00615_Alteromonas
comp20976_c0_seq1.2696.3388.plus.P51	60.29	10.65	-2.49	0.000908	yes	down	K01057	"map00030,map01100,map01110,map01120,map01200"	Alteromonas	2.49	K01057_Alteromonas
comp24888_c0_seq1.4787.6373.plus.P52	69.49	8.62	-3	0.00114	yes	down	K00033	"map00030,map00480,map01100,map01110,map01120,map01200"	Alteromonas	3	K00033_Alteromonas
comp34479_c0_seq1.10362.10982.plus.P31	1.91	0.1	-3.34	0.00122	yes	down	K01625	"map00030,map00630,map01100,map01120,map01200"	Alteromonas	3.34	K01625_Alteromonas
comp21119_c0_seq3.38.985.minus.P51	107.5	14.1	-2.92	0.00186	no	down	K00948	"map00030,map00230,map01100,map01110,map01120,map01200,map01230"	Alteromonas	2.92	K00948_Alteromonas
comp17607_c0_seq1.471.1571.plus.P11	0.29	1.74	2.23	0.00233	no	up	K00948	"map00030,map00230,map01100,map01110,map01120,map01200,map01230"	Marinobacter	2.23	K00948_Marinobacter
comp20976_c0_seq1.1201.2694.plus.P51	44.15	9.09	-2.27	0.00325	no	down	K00036	"map00030,map00480,map01100,map01110,map01120,map01200,map05230,map05415"	Alteromonas	2.27	K00036_Alteromonas
comp19312_c1_seq1.12.965.minus.P23	0.11	1	2.39	0.00474	no	up	K00615	"map00030,map00710,map01051,map01100,map01110,map01120,map01200,map01230"	Psychroserpens	2.39	K00615_Psychroserpens
comp20976_c0_seq1.3398.5224.plus.P51	25.18	6.77	-1.88	0.00521	no	down	K01690	"map00030,map01100,map01120,map01200"	Alteromonas	1.88	K01690_Alteromonas
comp18141_c0_seq1.39.980.plus.P21	1.56	6.7	2.04	0.0114	no	up	K00948	"map00030,map00230,map01100,map01110,map01120,map01200,map01230"	Psychroserpens	2.04	K00948_Psychroserpens
comp86995_c0_seq1.1.826.minus.P11	0	0.56	2.73	0.0265	no	up	K00615	"map00030,map00710,map01051,map01100,map01110,map01120,map01200,map01230"	Marinobacter	2.73	K00615_Marinobacter
comp31581_c0_seq1.896.2740.minus.P31	0.92	2.7	1.45	0.0319	no	up	K01690	"map00030,map01100,map01120,map01200"	Maricaulis	1.45	K01690_Maricaulis
comp49082_c1_seq1.2102.3619.plus.P32	4.48	0.3	-3.53	1.89E-06	yes	down	K00045	"map00051,map01100"	Alteromonas	3.53	K00045_Alteromonas
comp32075_c0_seq3.33364.34773.plus.P31	12.41	0.22	-5.29	6.45E-06	yes	down	K16011	"map00051,map00520,map00541,map01100,map01110,map01250,map02025"	Alteromonas	5.29	K16011_Alteromonas
comp29913_c0_seq1.10759.11550.plus.P33	14.92	1.13	-3.61	3.18E-05	yes	down	K18335	"map00051,map01100,map01120"	Alteromonas	3.61	K18335_Alteromonas
comp28395_c0_seq1.15895.17355.plus.P31	27.29	2.77	-3.25	4.56E-05	yes	down	K01840	"map00051,map00520,map00541,map01100,map01110,map01250"	Alteromonas	3.25	K01840_Alteromonas
comp48931_c1_seq1.30393.31175.plus.P32	5.9	0.72	-2.87	0.00162	yes	down	K07026	"map00051,map01100"	Alteromonas	2.87	K07026_Alteromonas
comp26588_c0_seq1.33913.34881.plus.P31	88.75	13.95	-2.66	0.00231	no	down	K00847	"map00051,map00500,map00520,map01100,map01110,map01250"	Alteromonas	2.66	K00847_Alteromonas
comp15885_c0_seq1.1.1309.minus.P53	4.94	0.6	-2.84	0.00497	no	down	K01805	"map00040,map00051,map01100"	Alteromonas	2.84	K01805_Alteromonas
comp208135_c0_seq1.1.604.minus.P13	0	0.62	2.85	0.0367	no	up	K18335	"map00051,map01100,map01120"	Oceaniradius	2.85	K18335_Oceaniradius
comp14962_c0_seq1.16825.17898.plus.P31	709.68	18.7	-5.24	1.25E-09	yes	down	K00457	"map00130,map00350,map00360,map01100,map01240"	Alteromonas	5.24	K00457_Alteromonas
comp26588_c0_seq1.25281.26033.plus.P31	19.05	1.42	-3.65	1.17E-07	yes	down	K00568	"map00130,map01100,map01110,map01240"	Alteromonas	3.65	K00568_Alteromonas
comp15164_c0_seq1.9809.11155.plus.P31	23.52	1.4	-3.98	6.44E-06	yes	down	K03185	"map00130,map01100,map01110,map01240"	Alteromonas	3.98	K03185_Alteromonas
comp29269_c0_seq1.7468.8667.plus.P33	21.58	1.71	-3.58	8.38E-06	yes	down	K03184	"map00130,map01100,map01110,map01240"	Alteromonas	3.58	K03184_Alteromonas
comp56114_c0_seq1.30.1202.minus.P52	18.3	1.12	-3.91	1.70E-05	yes	down	K18800	"map00130,map01100,map01110,map01240"	Alteromonas	3.91	K18800_Alteromonas
comp30374_c13_seq3.14567.15424.plus.P33	5.94	0.42	-3.54	3.84E-05	yes	down	K19267	"map00130,map01100,map01110,map01240"	Alteromonas	3.54	K19267_Alteromonas
comp30142_c0_seq3.20883.21497.plus.P33	23.53	2.63	-3.12	5.02E-05	yes	down	K03181	"map00130,map01100,map01110,map01240"	Alteromonas	3.12	K03181_Alteromonas
comp33554_c8_seq1.10106.10903.plus.P31	23.06	2.04	-3.44	0.000147	yes	down	K03183	"map00130,map01100,map01110,map01240"	Alteromonas	3.44	K03183_Alteromonas
comp33519_c24_seq1.52.909.minus.P31	4.97	0.67	-2.72	0.000291	yes	down	K03179	"map00130,map01100,map01110,map01240"	Alteromonas	2.72	K03179_Alteromonas
comp33519_c16_seq3.2848.3342.plus.P31	3.66	0.29	-3.26	0.000548	yes	down	K03809	"map00130,map01100,map01110,map01240"	Alteromonas	3.26	K03809_Alteromonas
comp17280_c0_seq1.814.2307.minus.P51	25.01	4.51	-2.45	0.00201	no	down	K03182	"map00130,map01100,map01110,map01240"	Alteromonas	2.45	K03182_Alteromonas
comp14974_c0_seq1.6219.6878.plus.P31	9.33	1.01	-3.09	0.00224	no	down	K03186	"map00130,map00627,map00740,map00900,map00940,map01100,map01110,map01120,map01220,map01240"	Alteromonas	3.09	K03186_Alteromonas
comp20296_c1_seq1.686.1304.minus.P12	0	1.08	3.55	0.00239	no	up	K03184	"map00130,map01100,map01110,map01240"	Marinobacter	3.55	K03184_Marinobacter
comp15407_c0_seq1.81.1007.plus.P23	1.8	7.38	1.98	0.00428	no	up	K03179	"map00130,map01100,map01110,map01240"	Maricaulis	1.98	K03179_Maricaulis
comp42949_c0_seq2.296.2056.plus.P32	0.16	1.12	2.22	0.00643	no	up	K02551	"map00130,map01100,map01110,map01240"	Psychroserpens	2.22	K02551_Psychroserpens
comp12204_c0_seq1.50.895.plus.P23	0.43	2.02	2.01	0.0141	no	up	K18800	"map00130,map01100,map01110,map01240"	Marinobacter	2.01	K18800_Marinobacter
comp24533_c0_seq1.21477.22055.plus.P32	1.04	0.11	-2.45	0.0188	no	down	K06134	"map00130,map01100,map01110,map01240"	Alteromonas	2.45	K06134_Alteromonas
comp14838_c0_seq1.18.1178.minus.P31	0.93	2.8	1.5	0.0253	no	up	K00457	"map00130,map00350,map00360,map01100,map01240"	Psychroserpens	1.5	K00457_Psychroserpens
comp15115_c0_seq1.1.991.minus.P41	0.07	0.75	2.3	0.0266	no	up	K03182	"map00130,map01100,map01110,map01240"	Marinobacter	2.3	K03182_Marinobacter
comp17858_c0_seq1.1.692.minus.P61	0.5	2.76	2.26	0.0275	no	up	K03183	"map00130,map01100,map01110,map01240"	Psychroserpens	2.26	K03183_Psychroserpens
comp32022_c0_seq1.635.3187.plus.P31	2.14	0.02	-4.24	1.98E-10	yes	down	K05349	"map00460,map00500,map00999,map01100,map01110"	Alteromonas	4.24	K05349_Alteromonas
comp13295_c0_seq1.17670.18029.plus.P33	128.07	8.99	-3.82	8.92E-08	yes	down	K05341	"map00500,map01100"	Alteromonas	3.82	K05341_Alteromonas
comp32412_c11_seq1.1515.3074.plus.P31	1024.95	60.56	-4.08	5.72E-07	yes	down	K00690	"map00500,map01100"	Alteromonas	4.08	K00690_Alteromonas
comp50232_c14_seq1.1403.2789.minus.P32	33	3.07	-3.38	1.16E-06	yes	down	K00975	"map00500,map00520,map01100,map01110,map01250,map02026"	Alteromonas	3.38	K00975_Alteromonas
comp13675_c0_seq1.618.2141.plus.P33	6.72	0.26	-4.23	1.29E-06	yes	down	K01194	"map00500,map01100,map01110"	Alteromonas	4.23	K01194_Alteromonas
comp33940_c0_seq1.13805.18223.minus.P31	5.94	0.47	-3.42	8.64E-06	yes	down	K01200	"map00500,map01100,map01110"	Alteromonas	3.42	K01200_Alteromonas
comp50161_c78_seq1.3583.5007.plus.P32	23.32	1.81	-3.61	3.63E-05	yes	down	K00703	"map00500,map01100,map01110,map02026"	Alteromonas	3.61	K00703_Alteromonas
comp13290_c0_seq1.9219.10634.plus.P33	16.96	1.24	-3.67	7.41E-05	yes	down	K01176	"map00500,map01100,map01110,map04970,map04972,map04973"	Alteromonas	3.67	K01176_Alteromonas
comp16000_c0_seq1.1.2373.minus.P53	3.61	0.34	-3.08	8.03E-05	yes	down	K01179	"map00500,map01100,map02020"	Alteromonas	3.08	K01179_Alteromonas
comp13959_c0_seq1.6981.9179.minus.P53	12.34	1.16	-3.3	0.000179	yes	down	K00705	"map00500,map01100,map01110"	Alteromonas	3.3	K00705_Alteromonas
comp50221_c9_seq1.122.2599.plus.P32	14.24	1.88	-2.85	0.000205	yes	down	K00688	"map00500,map01100,map01110,map02026,map04217,map04910,map04922,map04931"	Alteromonas	2.85	K00688_Alteromonas
comp14812_c0_seq1.823.2181.plus.P31	2.58	0.27	-2.85	0.00021	yes	down	K05350	"map00460,map00500,map00999,map01100,map01110"	Alteromonas	2.85	K05350_Alteromonas
comp30374_c26_seq1.4667.6850.minus.P33	27.46	4.57	-2.56	0.000242	yes	down	K00700	"map00500,map01100,map01110"	Alteromonas	2.56	K00700_Alteromonas
comp11574_c0_seq1.5350.7494.plus.P53	18.15	2.86	-2.62	0.000332	yes	down	K00694	"map00500,map01100,map02026"	Alteromonas	2.62	K00694_Alteromonas
comp50232_c30_seq1.318.1211.plus.P32	164.16	13.03	-3.64	0.000981	yes	down	K00963	"map00040,map00052,map00500,map00520,map00541,map01100,map01110,map01240,map01250"	Alteromonas	3.64	K00963_Alteromonas
comp19242_c2_seq1.1436.2134.plus.P61	0.21	3.38	3.47	0.00106	yes	up	K01838	map00500	Psychroserpens	3.47	K01838_Psychroserpens
comp24888_c0_seq1.2404.4491.plus.P52	14.65	3.15	-2.18	0.00178	no	down	K01214	"map00500,map01100,map01110"	Alteromonas	2.18	K01214_Alteromonas
comp28884_c1_seq1.8365.10428.plus.P31	27.27	6.72	-2.01	0.00261	no	down	K01187	"map00052,map00500,map01100,map01110"	Alteromonas	2.01	K01187_Alteromonas
comp21516_c0_seq1.1158.2786.minus.P11	8.72	30.61	1.8	0.00894	no	up	K01187	"map00052,map00500,map01100,map01110"	Maricaulis	1.8	K01187_Maricaulis
comp13706_c0_seq2.1.737.minus.P11	0.57	2.01	1.65	0.0362	no	up	K00963	"map00040,map00052,map00500,map00520,map00541,map01100,map01110,map01240,map01250"	Marinobacter	1.65	K00963_Marinobacter
comp19840_c0_seq1.41.913.plus.P31	0.04	0.47	2	0.0469	no	up	K00688	"map00500,map01100,map01110,map02026,map04217,map04910,map04922,map04931"	Marinobacter	2	K00688_Marinobacter
comp30161_c0_seq2.7544.9280.plus.P33	45.94	2.3	-4.26	4.09E-08	yes	down	K01657	"map00400,map00405,map01100,map01110,map01230,map02024,map02025"	Alteromonas	4.26	K01657_Alteromonas
comp16756_c0_seq2.265.3009.minus.P63	0	0.66	2.93	2.31E-07	yes	up	K03070	"map02024,map03060,map03070"	Hwanghaeella	2.93	K03070_Hwanghaeella
comp30161_c0_seq2.9289.9909.plus.P33	35.61	1.84	-4.2	2.32E-07	yes	down	K01658	"map00400,map00405,map01100,map01110,map01230,map02024,map02025"	Alteromonas	4.2	K01658_Alteromonas
comp33942_c0_seq1.21119.23638.plus.P31	1.98	0.03	-3.96	5.45E-07	yes	down	K14645	map02024	Alteromonas	3.96	K14645_Alteromonas
comp72810_c0_seq1.32.698.minus.P61	130.45	5.04	-4.67	1.28E-06	yes	down	K01497	"map00740,map00790,map01100,map01110,map01240,map02024"	Alteromonas	4.67	K01497_Alteromonas
comp49797_c0_seq1.16106.17692.plus.P32	6.95	0.18	-4.65	2.04E-06	yes	down	K01897	"map00061,map00071,map01100,map01212,map02024,map03320,map04146,map04216,map04714,map04920"	Alteromonas	4.65	K01897_Alteromonas
comp17506_c0_seq1.765.3332.minus.P53	5.78	0.09	-4.97	5.57E-06	yes	down	K12257	"map02024,map03060,map03070"	Alteromonas	4.97	K12257_Alteromonas
comp29697_c0_seq2.128.1411.plus.P33	14.87	1.49	-3.23	7.89E-06	yes	down	K02055	map02024	Alteromonas	3.23	K02055_Alteromonas
comp16674_c0_seq1.1500.2678.plus.P52	30.58	3.91	-2.93	8.59E-06	yes	down	K01999	"map02010,map02024"	Alteromonas	2.93	K01999_Alteromonas
comp33339_c12_seq1.730.3438.minus.P31	46.74	1.11	-5.28	1.12E-05	yes	down	K03070	"map02024,map03060,map03070"	Alteromonas	5.28	K03070_Alteromonas
comp33554_c11_seq1.196.17460.plus.P31	12.47	1.74	-2.77	1.94E-05	yes	down	K20276	map02024	Alteromonas	2.77	K20276_Alteromonas
comp9210_c0_seq1.8.1351.minus.P51	108.03	2.79	-5.23	2.51E-05	yes	down	K01626	"map00400,map01100,map01110,map01230,map02024"	Alteromonas	5.23	K01626_Alteromonas
comp7188_c1_seq1.1.688.minus.P53	2.29	0.05	-3.99	2.75E-05	yes	down	K01728	"map00040,map01100,map02024"	Alteromonas	3.99	K01728_Alteromonas
comp50183_c2_seq2.8609.9118.plus.P32	82.21	5.02	-4.01	3.32E-05	yes	down	K03071	"map02024,map03060,map03070"	Alteromonas	4.01	K03071_Alteromonas
comp28816_c0_seq1.8.1423.minus.P33	4.89	0.26	-3.8	3.98E-05	yes	down	K02032	map02024	Alteromonas	3.8	K02032_Alteromonas
comp26588_c0_seq1.13858.14106.plus.P31	157.77	14.68	-3.42	4.45E-05	yes	down	K03666	"map02024,map03018,map05111"	Alteromonas	3.42	K03666_Alteromonas
comp28397_c0_seq1.8150.9469.plus.P31	167.78	14.66	-3.51	6.81E-05	yes	down	K03076	"map02024,map03060,map03070"	Alteromonas	3.51	K03076_Alteromonas
comp50069_c9_seq1.2105.2482.plus.P32	280.11	8.86	-4.97	6.85E-05	yes	down	K03073	"map02024,map03060,map03070"	Alteromonas	4.97	K03073_Alteromonas
comp33023_c1_seq2.14002.15441.plus.P31	29.34	3.88	-2.89	0.000103	yes	down	K03106	"map02024,map03060,map03070"	Alteromonas	2.89	K03106_Alteromonas
comp30477_c0_seq1.5051.6190.plus.P33	23.58	1.36	-4.02	0.000105	yes	down	K11752	"map00740,map01100,map01110,map01240,map02024"	Alteromonas	4.02	K11752_Alteromonas
comp14961_c0_seq1.29088.30698.plus.P31	7.61	0.29	-4.31	0.000117	yes	down	K02035	map02024	Alteromonas	4.31	K02035_Alteromonas
comp15349_c0_seq1.57.1397.plus.P33	0.12	1.74	3.06	0.000118	yes	up	K01657	"map00400,map00405,map01100,map01110,map01230,map02024,map02025"	Psychroserpens	3.06	K01657_Psychroserpens
comp10966_c0_seq1.15.704.plus.P51	9.51	1.21	-2.87	0.00014	yes	down	K10914	"map02020,map02024,map02025,map02026,map05111"	Alteromonas	2.87	K10914_Alteromonas
comp14961_c0_seq1.30701.31684.plus.P31	3.39	0.17	-3.71	0.000168	yes	down	K02033	map02024	Alteromonas	3.71	K02033_Alteromonas
comp33942_c0_seq1.23847.24503.plus.P31	14.81	1.66	-3.09	0.000237	yes	down	K20264	"map02020,map02024"	Alteromonas	3.09	K20264_Alteromonas
comp22244_c0_seq1.32.1372.minus.P51	126	5.98	-4.37	0.000285	yes	down	K07715	"map02020,map02024"	Alteromonas	4.37	K07715_Alteromonas
comp33519_c55_seq1.361.1995.plus.P31	58.98	5.87	-3.31	0.000303	yes	down	K01580	"map00250,map00410,map00430,map00650,map01100,map01110,map01120,map02024,map04727,map04940"	Alteromonas	3.31	K01580_Alteromonas
comp33543_c7_seq1.1001.2725.plus.P31	42.69	2.8	-3.88	0.00032	yes	down	K03217	"map02024,map03060,map03070"	Alteromonas	3.88	K03217_Alteromonas
comp33617_c0_seq1.2783.4072.plus.P31	8.47	0.8	-3.24	0.000502	yes	down	K07645	"map02020,map02024"	Alteromonas	3.24	K07645_Alteromonas
comp49082_c0_seq1.812.1264.plus.P32	26.25	1.74	-3.84	0.000547	yes	down	K09823	map02024	Alteromonas	3.84	K09823_Alteromonas
comp30703_c0_seq1.17645.19042.plus.P31	123.75	6.45	-4.24	0.000566	yes	down	K07711	"map02020,map02024"	Alteromonas	4.24	K07711_Alteromonas
comp33942_c0_seq1.24542.26068.plus.P31	4.15	0.48	-2.88	0.00064	yes	down	K20263	"map02020,map02024"	Alteromonas	2.88	K20263_Alteromonas
comp20241_c3_seq10.6547.7899.plus.P61	1.58	0	-4.02	0.000713	yes	down	K03076	"map02024,map03060,map03070"	Oceaniradius	4.02	K03076_Oceaniradius
comp116617_c0_seq1.132.1001.plus.P52	5.3	0.65	-2.86	0.000789	yes	down	K02034	map02024	Alteromonas	2.86	K02034_Alteromonas
comp7299_c0_seq1.1.672.minus.P53	1.82	0.05	-3.66	0.000924	yes	down	K18139	"map01501,map02024"	Alteromonas	3.66	K18139_Alteromonas
comp15355_c0_seq3.1.1312.minus.P41	0.13	1.16	2.44	0.00105	yes	up	K03070	"map02024,map03060,map03070"	Marinobacter	2.44	K03070_Marinobacter
comp8376_c0_seq1.264.1160.plus.P52	8.91	0.82	-3.29	0.0012	yes	down	K12990	"map02024,map02025"	Alteromonas	3.29	K12990_Alteromonas
comp30477_c0_seq2.243.2150.plus.P31	0.36	2.21	2.33	0.0015	yes	up	K03217	"map02024,map03060,map03070"	Psychroserpens	2.33	K03217_Psychroserpens
comp50243_c0_seq1.40409.40822.plus.P32	38.11	3.65	-3.35	0.00177	no	down	K03075	"map02024,map03060,map03070"	Alteromonas	3.35	K03075_Alteromonas
comp32591_c0_seq1.203.3556.minus.P31	0.44	1.95	1.92	0.00194	no	up	K03070	"map02024,map03060,map03070"	Psychroserpens	1.92	K03070_Psychroserpens
comp12929_c0_seq1.6.1781.plus.P33	0.11	0.84	2.19	0.00255	no	up	K01897	"map00061,map00071,map01100,map01212,map02024,map03320,map04146,map04216,map04714,map04920"	Psychroserpens	2.19	K01897_Psychroserpens
comp32869_c2_seq1.11945.12280.plus.P31	3.3	0.13	-3.85	0.00487	no	down	K03210	"map02024,map03060,map03070"	Alteromonas	3.85	K03210_Alteromonas
comp9128_c0_seq1.810.1784.plus.P21	0.34	1.99	2.24	0.00494	no	up	K03110	"map02024,map03060,map03070"	Psychroserpens	2.24	K03110_Psychroserpens
comp5910_c0_seq2.1.735.minus.P11	0	1.18	3.68	0.00537	no	up	K01657	"map00400,map00405,map01100,map01110,map01230,map02024,map02025"	Hwanghaeella	3.68	K01657_Hwanghaeella
comp17159_c0_seq1.24.1076.plus.P43	0.2	1.45	2.36	0.00544	no	up	K01626	"map00400,map01100,map01110,map01230,map02024"	Marinobacter	2.36	K01626_Marinobacter
comp16180_c0_seq1.126.767.plus.P11	1.11	4.49	1.92	0.00592	no	up	K10914	"map02020,map02024,map02025,map02026,map05111"	Marinobacter	1.92	K10914_Marinobacter
comp31656_c0_seq1.249.764.plus.P31	0	1.15	3.64	0.0109	no	up	K01658	"map00400,map00405,map01100,map01110,map01230,map02024,map02025"	Psychroserpens	3.64	K01658_Psychroserpens
comp19062_c4_seq1.19.791.minus.P12	0	0.58	2.76	0.0181	no	up	K01998	"map02010,map02024"	Marinobacter	2.76	K01998_Marinobacter
comp7178_c0_seq1.8.1213.minus.P11	0.17	0.96	1.95	0.0185	no	up	K01999	"map02010,map02024"	Marinobacter	1.95	K01999_Marinobacter
comp15675_c0_seq1.1.811.minus.P43	3.92	11.1	1.48	0.0201	no	up	K03076	"map02024,map03060,map03070"	Marinobacter	1.48	K03076_Marinobacter
comp97095_c0_seq1.1.548.minus.P13	1.09	0.12	-2.43	0.0207	no	down	K01997	"map02010,map02024"	Hwanghaeella	2.43	K01997_Hwanghaeella
comp17389_c0_seq2.1936.3027.plus.P11	2.28	7.15	1.61	0.0223	no	up	K11752	"map00740,map01100,map01110,map01240,map02024"	Marinobacter	1.61	K11752_Marinobacter
comp17915_c0_seq2.54.422.minus.P43	0	1.07	3.54	0.0268	no	up	K03073	"map02024,map03060,map03070"	Marinobacter	3.54	K03073_Marinobacter
comp199661_c0_seq1.1.455.minus.P73	1.28	0.09	-2.89	0.0292	no	down	K02054	map02024	Hwanghaeella	2.89	K02054_Hwanghaeella
comp189168_c0_seq1.1.369.minus.P51	1.63	0	-4.11	0.0305	no	down	K02032	map02024	Hwanghaeella	4.11	K02032_Hwanghaeella
comp12490_c0_seq1.1.565.minus.P42	0.46	2.27	2.08	0.0354	no	up	K20276	map02024	Hwanghaeella	2.08	K20276_Hwanghaeella
comp14840_c0_seq1.1.421.minus.P41	0.2	1.55	2.44	0.0443	no	up	K01997	"map02010,map02024"	Marinobacter	2.44	K01997_Marinobacter
comp49539_c0_seq3.1.1452.minus.P32	0.27	0.9	1.45	0.0453	no	up	K20276	map02024	Psychroserpens	1.45	K20276_Psychroserpens
comp39504_c0_seq1.1022.1927.plus.P61	1.39	3.77	1.37	0.0481	no	up	K06998	"map00405,map01100,map01110,map02024"	Maricaulis	1.37	K06998_Maricaulis
comp27832_c0_seq2.4300.6606.plus.P33	14.94	0.49	-4.68	2.51E-10	yes	down	K03406	"map02020,map02030"	Alteromonas	4.68	K03406_Alteromonas
comp33074_c1_seq1.11805.13766.plus.P31	10.82	0.31	-4.75	5.49E-10	yes	down	K03407	"map02020,map02030"	Alteromonas	4.75	K03407_Alteromonas
comp30319_c11_seq1.7140.7700.plus.P33	61.09	2.01	-4.85	6.32E-10	yes	down	K07668	map02020	Alteromonas	4.85	K07668_Alteromonas
comp30319_c2_seq1.583.1956.plus.P33	21.16	0.37	-5.5	4.13E-09	yes	down	K00425	"map00190,map02020"	Alteromonas	5.5	K00425_Alteromonas
comp32869_c17_seq1.163.1122.plus.P31	55.96	3.34	-4.03	4.23E-09	yes	down	K03415	"map02020,map02030"	Alteromonas	4.03	K03415_Alteromonas
comp42006_c1_seq1.20104.20943.plus.P32	90.07	5.83	-3.93	1.49E-08	yes	down	K02406	"map02020,map02040,map04621,map04626,map05131,map05132,map05134"	Alteromonas	3.93	K02406_Alteromonas
comp16923_c0_seq1.2934.3299.plus.P31	19.87	0.56	-4.91	1.86E-08	yes	down	K03413	"map02020,map02030"	Alteromonas	4.91	K03413_Alteromonas
comp33337_c21_seq1.3384.4214.plus.P31	42.21	2.38	-4.09	2.95E-08	yes	down	K00575	"map02020,map02030"	Alteromonas	4.09	K00575_Alteromonas
comp49277_c2_seq1.20559.21311.plus.P32	26.61	0.81	-4.87	5.80E-08	yes	down	K07775	map02020	Alteromonas	4.87	K07775_Alteromonas
comp30161_c1_seq1.1378.2052.plus.P33	132.24	5.65	-4.52	1.08E-07	yes	down	K07660	"map01503,map02020"	Alteromonas	4.52	K07660_Alteromonas
comp33337_c4_seq1.1133.2266.plus.P31	19.6	1.23	-3.89	1.19E-07	yes	down	K09696	"map02010,map02020"	Alteromonas	3.89	K09696_Alteromonas
comp30703_c0_seq1.12382.14058.plus.P31	12.41	0.78	-3.84	2.04E-07	yes	down	K20977	"map02020,map02025"	Alteromonas	3.84	K20977_Alteromonas
comp33074_c1_seq3.5712.6758.plus.P31	11.88	0.55	-4.21	2.55E-07	yes	down	K03412	"map02020,map02030"	Alteromonas	4.21	K03412_Alteromonas
comp25437_c0_seq1.1132.2328.minus.P51	43.55	2.53	-4.05	3.34E-07	yes	down	K00626	"map00071,map00280,map00310,map00362,map00380,map00620,map00630,map00650,map00720,map00900,map01100,map01110,map01120,map01200,map01212,map02020,map04975"	Alteromonas	4.05	K00626_Alteromonas
comp30319_c2_seq1.1968.2975.plus.P33	8.93	0.21	-4.89	4.84E-07	yes	down	K00426	"map00190,map02020"	Alteromonas	4.89	K00426_Alteromonas
comp30161_c1_seq1.2058.3380.plus.P33	32.22	1.1	-4.75	7.58E-07	yes	down	K07637	"map01503,map02020"	Alteromonas	4.75	K07637_Alteromonas
comp30384_c3_seq1.311.1966.plus.P33	138.72	4.36	-4.96	7.63E-07	yes	down	K02313	"map02020,map04112"	Alteromonas	4.96	K02313_Alteromonas
comp30568_c0_seq1.987.1856.plus.P33	61.09	4.18	-3.84	1.15E-06	yes	down	K10941	"map02020,map02025,map02040,map05111"	Alteromonas	3.84	K10941_Alteromonas
comp42007_c0_seq1.4418.7072.plus.P32	10.72	0.46	-4.28	1.39E-06	yes	down	K11354	map02020	Alteromonas	4.28	K11354_Alteromonas
comp33025_c0_seq1.17804.19387.plus.P31	7.46	0.24	-4.47	1.61E-06	yes	down	K03776	"map02020,map02030"	Alteromonas	4.47	K03776_Alteromonas
comp33519_c22_seq7.3436.5604.minus.P31	29.43	1.3	-4.4	1.92E-06	yes	down	K14980	map02020	Alteromonas	4.4	K14980_Alteromonas
comp13196_c0_seq1.6181.7371.plus.P33	9.79	0.51	-4.01	3.37E-06	yes	down	K01051	"map00040,map01100,map02020"	Alteromonas	4.01	K01051_Alteromonas
comp27741_c0_seq2.19888.20550.plus.P33	52.26	5.2	-3.3	3.70E-06	yes	down	K02405	"map02020,map02025,map02026,map02040,map05111"	Alteromonas	3.3	K02405_Alteromonas
comp29697_c0_seq1.1250.3922.plus.P33	10.95	0.79	-3.63	3.74E-06	yes	down	K20973	"map02020,map02025"	Alteromonas	3.63	K20973_Alteromonas
comp22364_c0_seq1.2616.4020.minus.P51	9.22	0.56	-3.83	4.81E-06	yes	down	K07712	map02020	Alteromonas	3.83	K07712_Alteromonas
comp30477_c0_seq1.14255.15016.plus.P33	30.45	3.18	-3.22	6.76E-06	yes	down	K02556	"map02020,map02030,map02040"	Alteromonas	3.22	K02556_Alteromonas
comp33641_c0_seq1.941.2026.plus.P31	20.57	1.05	-4.16	1.08E-05	yes	down	K07708	map02020	Alteromonas	4.16	K07708_Alteromonas
comp33519_c46_seq1.4396.5877.plus.P31	76.95	7.83	-3.28	1.14E-05	yes	down	K03092	"map02020,map02040,map05111"	Alteromonas	3.28	K03092_Alteromonas
comp17790_c0_seq1.661.990.plus.P52	28.56	2.3	-3.58	1.18E-05	yes	down	K02398	"map02020,map02025,map02026,map02040"	Alteromonas	3.58	K02398_Alteromonas
comp32869_c17_seq1.1356.2834.plus.P31	26.11	1.53	-4.01	1.28E-05	yes	down	K01077	"map00730,map00790,map01100,map01240,map02020"	Alteromonas	4.01	K01077_Alteromonas
comp32413_c0_seq1.1786.3219.minus.P31	96.06	8.34	-3.51	1.34E-05	yes	down	K00404	"map00190,map01100,map02020"	Alteromonas	3.51	K00404_Alteromonas
comp50129_c3_seq1.10360.12285.plus.P32	8.76	0.55	-3.76	1.36E-05	yes	down	K20974	"map02020,map02025"	Alteromonas	3.76	K20974_Alteromonas
comp49745_c1_seq1.38.2377.minus.P32	0.8	0.01	-3.01	1.52E-05	yes	down	K19611	map02020	Alteromonas	3.01	K19611_Alteromonas
comp37625_c0_seq1.567.1463.plus.P31	0.24	3.53	3.41	1.70E-05	yes	up	K07165	map02020	Psychroserpens	3.41	K07165_Psychroserpens
comp50161_c78_seq1.6916.7623.plus.P32	107.37	8.35	-3.67	2.10E-05	yes	down	K07773	"map02020,map02026"	Alteromonas	3.67	K07773_Alteromonas
comp9187_c0_seq1.1.1104.minus.P51	16.13	1.85	-3.05	2.23E-05	yes	down	K07165	map02020	Alteromonas	3.05	K07165_Alteromonas
comp33339_c14_seq1.8812.9234.plus.P31	29.84	3.47	-3.07	2.46E-05	yes	down	K02650	map02020	Alteromonas	3.07	K02650_Alteromonas
comp33339_c1_seq1.1.1953.minus.P31	3.01	0.11	-3.87	2.62E-05	yes	down	K07787	map02020	Alteromonas	3.87	K07787_Alteromonas
comp32869_c23_seq1.4685.5455.plus.P31	14.76	1.16	-3.56	2.66E-05	yes	down	K04771	"map01503,map02020"	Alteromonas	3.56	K04771_Alteromonas
comp30344_c1_seq1.1259.1825.minus.P33	24.8	2.26	-3.4	3.17E-05	yes	down	K20976	"map02020,map02025"	Alteromonas	3.4	K20976_Alteromonas
comp13261_c0_seq1.11572.12945.plus.P33	110.74	7.11	-3.94	3.90E-05	yes	down	K12340	"map01501,map01503,map02020,map03070,map04626,map05133"	Alteromonas	3.94	K12340_Alteromonas
comp50183_c0_seq1.3202.3915.plus.P32	8.47	0.63	-3.56	4.64E-05	yes	down	K07662	"map01503,map02020"	Alteromonas	3.56	K07662_Alteromonas
comp7216_c0_seq1.1592.4265.minus.P52	38.79	5.79	-2.72	6.54E-05	yes	down	K00990	map02020	Alteromonas	2.72	K00990_Alteromonas
comp29933_c0_seq1.202.1611.plus.P51	112.83	6.92	-4.01	8.78E-05	yes	down	K01915	"map00220,map00250,map00630,map00910,map01100,map01120,map01230,map02020,map04217,map04724,map04727"	Alteromonas	4.01	K01915_Alteromonas
comp30703_c0_seq1.12033.12338.plus.P31	77.64	7.63	-3.33	9.33E-05	yes	down	K20978	"map02020,map02025"	Alteromonas	3.33	K20978_Alteromonas
comp14981_c0_seq1.18784.19932.plus.P31	15.15	1.55	-3.21	1.00E-04	yes	down	K01467	"map01501,map02020"	Alteromonas	3.21	K01467_Alteromonas
comp33023_c0_seq1.44114.45838.plus.P31	35.22	2.68	-3.66	0.000105	yes	down	K00027	"map00620,map01200,map02020"	Alteromonas	3.66	K00027_Alteromonas
comp14945_c0_seq1.10695.13049.plus.P31	24.58	3.39	-2.82	0.000114	yes	down	K07648	"map02020,map02026"	Alteromonas	2.82	K07648_Alteromonas
comp27741_c0_seq1.3265.4071.plus.P33	26.21	3.57	-2.84	0.000121	yes	down	K03408	"map02020,map02030"	Alteromonas	2.84	K03408_Alteromonas
comp32836_c1_seq1.5752.6396.plus.P31	76.76	9.97	-2.93	0.000124	yes	down	K07689	"map02020,map02025,map02026,map05111"	Alteromonas	2.93	K07689_Alteromonas
comp33110_c3_seq1.28589.29896.plus.P31	5.28	0.78	-2.61	0.000154	yes	down	K02106	map02020	Alteromonas	2.61	K02106_Alteromonas
comp30656_c0_seq1.11895.12527.plus.P31	30.96	4.25	-2.83	0.000174	yes	down	K01991	"map02020,map02026"	Alteromonas	2.83	K01991_Alteromonas
comp24536_c2_seq1.10959.11573.plus.P32	18.61	2.05	-3.12	0.000182	yes	down	K07696	map02020	Alteromonas	3.12	K07696_Alteromonas
comp28416_c1_seq1.3104.3442.plus.P31	86.06	9.88	-3.11	0.000186	yes	down	K04751	map02020	Alteromonas	3.11	K04751_Alteromonas
comp49566_c2_seq1.31945.35073.plus.P32	7.91	1.3	-2.52	0.000197	yes	down	K07678	"map02020,map02025,map02026,map05111"	Alteromonas	2.52	K07678_Alteromonas
comp33337_c4_seq1.265.1086.plus.P31	21.72	2.84	-2.89	0.000211	yes	down	K09697	"map02010,map02020"	Alteromonas	2.89	K09697_Alteromonas
comp16967_c2_seq7.5278.6576.plus.P53	3.23	0.27	-3.15	0.00024	yes	down	K07778	map02020	Alteromonas	3.15	K07778_Alteromonas
comp33642_c0_seq1.387.1019.plus.P31	121.2	12.11	-3.31	0.000348	yes	down	K00411	"map00190,map01100,map02020,map04260,map04714,map04932,map05010,map05012,map05014,map05016,map05020,map05022,map05208,map05415"	Alteromonas	3.31	K00411_Alteromonas
comp33642_c0_seq1.1021.2286.plus.P31	83.98	9.17	-3.18	0.000453	yes	down	K00412	"map00190,map01100,map02020,map04260,map04714,map04932,map05010,map05012,map05014,map05016,map05020,map05022,map05208,map05415"	Alteromonas	3.18	K00412_Alteromonas
comp33642_c0_seq1.2292.3017.plus.P31	57.47	5.76	-3.3	0.000476	yes	down	K00413	"map00190,map01100,map02020,map04260,map04714,map04932,map05010,map05012,map05014,map05016,map05020,map05022,map05208,map05415"	Alteromonas	3.3	K00413_Alteromonas
comp19653_c0_seq1.184.1275.minus.P12	0.9	0	-3.32	0.000498	yes	down	K18353	"map01502,map02020"	Maricaulis	3.32	K18353_Maricaulis
comp17081_c0_seq1.2219.2824.plus.P53	117.83	11.31	-3.37	0.000505	yes	down	K00405	"map00190,map01100,map02020"	Alteromonas	3.37	K00405_Alteromonas
comp25589_c1_seq1.903.2231.plus.P33	1.98	0.1	-3.37	0.000538	yes	down	K19609	map02020	Alteromonas	3.37	K19609_Alteromonas
comp34634_c0_seq1.744.2318.minus.P31	0.44	2.87	2.45	0.000614	yes	up	K07636	map02020	Psychroserpens	2.45	K07636_Psychroserpens
comp50183_c0_seq1.3939.5276.plus.P32	3.13	0.34	-2.88	0.000725	yes	down	K07640	"map01503,map02020"	Alteromonas	2.88	K07640_Alteromonas
comp19916_c0_seq1.7252.7728.plus.P51	9.73	0.99	-3.17	0.000735	yes	down	K25307	map02020	Alteromonas	3.17	K25307_Alteromonas
comp8654_c0_seq1.627.1896.minus.P61	73.75	16.27	-2.17	0.000895	yes	down	K07675	map02020	Alteromonas	2.17	K07675_Alteromonas
comp42426_c0_seq1.1.732.minus.P43	0	0.98	3.43	0.000947	yes	up	K03406	"map02020,map02030"	Marinobacter	3.43	K03406_Marinobacter
comp26976_c0_seq1.6573.8318.plus.P33	2.74	0.17	-3.4	0.00107	yes	down	K07798	map02020	Alteromonas	3.4	K07798_Alteromonas
comp28052_c0_seq1.836.2230.minus.P12	2.43	9.71	1.95	0.00124	yes	up	K12340	"map01501,map01503,map02020,map03070,map04626,map05133"	Maricaulis	1.95	K12340_Maricaulis
comp71975_c0_seq1.269.1492.minus.P52	5.81	1.09	-2.31	0.00195	no	down	K02259	"map00190,map00860,map01100,map01110,map01240,map02020,map04714"	Alteromonas	2.31	K02259_Alteromonas
comp45015_c0_seq1.1.446.minus.P52	9.45	1.23	-2.84	0.0023	no	down	K01113	"map00790,map01100,map01240,map02020"	Alteromonas	2.84	K01113_Alteromonas
comp21224_c0_seq1.143.1570.plus.P21	0.22	1.38	2.19	0.00239	no	up	K02313	"map02020,map04112"	Psychroserpens	2.19	K02313_Psychroserpens
comp33339_c6_seq1.248.1585.minus.P31	6.12	0.81	-2.78	0.00253	no	down	K10943	"map02020,map02040,map05111"	Alteromonas	2.78	K10943_Alteromonas
comp33092_c3_seq1.22516.23835.plus.P31	5.92	0.99	-2.47	0.00257	no	down	K07638	"map02020,map02026"	Alteromonas	2.47	K07638_Alteromonas
comp88681_c0_seq1.1.728.minus.P31	0.1	1.33	2.83	0.00265	no	up	K07682	map02020	Maricaulis	2.83	K07682_Maricaulis
comp14947_c0_seq1.9080.10381.plus.P31	6.33	1.15	-2.36	0.00289	no	down	K07636	map02020	Alteromonas	2.36	K07636_Alteromonas
comp24846_c0_seq1.717.1859.minus.P32	2.18	0.34	-2.37	0.00376	no	down	K10942	"map02020,map05111"	Alteromonas	2.37	K10942_Alteromonas
comp15986_c1_seq1.40.857.minus.P22	2.9	10.8	1.86	0.00427	no	up	K00413	"map00190,map01100,map02020,map04260,map04714,map04932,map05010,map05012,map05014,map05016,map05020,map05022,map05208,map05415"	Marinobacter	1.86	K00413_Marinobacter
comp17256_c0_seq1.826.2133.minus.P11	0.19	3.34	3.55	0.00487	no	up	K11690	map02020	Marinobacter	3.55	K11690_Marinobacter
comp33383_c5_seq1.1945.4458.minus.P31	11.52	3.41	-1.73	0.00587	no	down	K20975	"map02020,map02025"	Alteromonas	1.73	K20975_Alteromonas
comp16404_c0_seq3.1.492.minus.P11	0.4	2.79	2.53	0.00673	no	up	K00404	"map00190,map01100,map02020"	Marinobacter	2.53	K00404_Marinobacter
comp14622_c0_seq1.725.1582.plus.P13	12.17	3.14	-1.92	0.00863	no	down	K08928	map02020	Oceaniradius	1.92	K08928_Oceaniradius
comp14881_c0_seq1.51.1098.minus.P31	1.5	0.03	-3.68	0.01	no	down	K07795	map02020	Marinobacter	3.68	K07795_Marinobacter
comp17380_c0_seq4.1.4201.minus.P11	0.3	0	-1.99	0.0101	no	down	K06596	"map02020,map02025"	Marinobacter	1.99	K06596_Marinobacter
comp47031_c0_seq1.1.603.minus.P32	0	0.76	3.11	0.0104	no	up	K16692	map02020	Psychroserpens	3.11	K16692_Psychroserpens
comp18530_c1_seq1.488.1303.plus.P71	0	0.6	2.81	0.0107	no	up	K01991	"map02020,map02026"	Psychroserpens	2.81	K01991_Psychroserpens
comp7609_c0_seq1.36.1445.minus.P11	6	17.51	1.53	0.0116	no	up	K02313	"map02020,map04112"	Maricaulis	1.53	K02313_Maricaulis
comp47636_c0_seq1.1303.1965.plus.P32	1.06	0.05	-2.98	0.0121	no	down	K07705	map02020	Alteromonas	2.98	K07705_Alteromonas
comp9195_c0_seq1.168.1150.minus.P61	0.29	1.23	1.78	0.0132	no	up	K07675	map02020	Marinobacter	1.78	K07675_Marinobacter
comp9626_c0_seq1.1607.2200.plus.P53	5.55	1.14	-2.19	0.0135	no	down	K07693	map02020	Alteromonas	2.19	K07693_Alteromonas
comp17875_c0_seq1.689.2242.minus.P12	0.74	2.78	1.78	0.0138	no	up	K03776	"map02020,map02030"	Marinobacter	1.78	K03776_Marinobacter
comp269920_c0_seq1.1.323.minus.P51	2.05	0	-4.43	0.0142	no	down	K07793	map02020	Hwanghaeella	4.43	K07793_Hwanghaeella
comp7740_c0_seq1.1.1485.minus.P43	0.68	2.93	1.95	0.0161	no	up	K14986	map02020	Marinobacter	1.95	K14986_Marinobacter
comp332683_c0_seq1.1.403.minus.P12	1.16	0	-3.66	0.0196	no	down	K20973	"map02020,map02025"	Hwanghaeella	3.66	K20973_Hwanghaeella
comp20394_c1_seq1.1.745.minus.P71	0.1	0.91	2.36	0.0196	no	up	K07778	map02020	Maricaulis	2.36	K07778_Maricaulis
comp14947_c0_seq1.10398.11429.plus.P31	5.82	1.51	-1.87	0.0238	no	down	K02040	"map02010,map02020,map05152"	Alteromonas	1.87	K02040_Alteromonas
comp27763_c0_seq2.329.955.plus.P33	0.24	1.67	2.4	0.0263	no	up	K14987	map02020	Marinobacter	2.4	K14987_Marinobacter
comp18972_c0_seq2.41.2314.plus.P12	2.04	5.53	1.39	0.0267	no	up	K20975	"map02020,map02025"	Marinobacter	1.39	K20975_Marinobacter
comp64063_c0_seq1.9.775.minus.P51	3.17	1.02	-1.54	0.0273	no	down	K00575	"map02020,map02030"	Hwanghaeella	1.54	K00575_Hwanghaeella
comp28901_c1_seq1.1.2329.minus.P33	0.11	0.52	1.56	0.0276	no	up	K12340	"map01501,map01503,map02020,map03070,map04626,map05133"	Psychroserpens	1.56	K12340_Psychroserpens
comp118317_c0_seq1.9.461.plus.P21	0.46	2.78	2.36	0.028	no	up	K03413	"map02020,map02030"	Maricaulis	2.36	K03413_Maricaulis
comp11051_c0_seq1.1002.2204.minus.P21	1.99	5.03	1.29	0.0306	no	up	K00626	"map00071,map00280,map00310,map00362,map00380,map00620,map00630,map00650,map00720,map00900,map01100,map01110,map01120,map01200,map01212,map02020,map04975"	Maricaulis	1.29	K00626_Maricaulis
comp49993_c2_seq1.3653.4144.plus.P32	0.83	0	-3.22	0.0322	no	down	K02106	map02020	Oceaniradius	3.22	K02106_Oceaniradius
comp62619_c0_seq1.7.1026.plus.P21	0.55	2.13	1.79	0.034	no	up	K01915	"map00220,map00250,map00630,map00910,map01100,map01120,map01230,map02020,map04217,map04724,map04727"	Psychroserpens	1.79	K01915_Psychroserpens
comp31913_c0_seq1.94.723.plus.P21	0.67	2.24	1.61	0.034	no	up	K07689	"map02020,map02025,map02026,map05111"	Psychroserpens	1.61	K07689_Psychroserpens
comp255415_c0_seq1.1.459.minus.P41	0	1.15	3.65	0.0367	no	up	K10942	"map02020,map05111"	Marinobacter	3.65	K10942_Marinobacter
comp147115_c0_seq1.1.447.minus.P41	0.08	1.21	2.83	0.0368	no	up	K07678	"map02020,map02025,map02026,map05111"	Marinobacter	2.83	K07678_Marinobacter
comp8436_c0_seq1.367.1059.plus.P11	3.5	8.91	1.32	0.0368	no	up	K07657	map02020	Maricaulis	1.32	K07657_Maricaulis
comp109668_c0_seq1.22.426.plus.P62	0	1.45	3.95	0.037	no	up	K07636	map02020	Marinobacter	3.95	K07636_Marinobacter
comp14835_c0_seq1.729.1907.minus.P31	1.42	4.62	1.64	0.0391	no	up	K00626	"map00071,map00280,map00310,map00362,map00380,map00620,map00630,map00650,map00720,map00900,map01100,map01110,map01120,map01200,map01212,map02020,map04975"	Psychroserpens	1.64	K00626_Psychroserpens
comp12364_c0_seq1.86.1465.minus.P13	1.45	3.91	1.37	0.041	no	up	K12340	"map01501,map01503,map02020,map03070,map04626,map05133"	Marinobacter	1.37	K12340_Marinobacter
comp9264_c0_seq1.1.2330.minus.P61	1.61	3.76	1.17	0.045	no	up	K00990	map02020	Maricaulis	1.17	K00990_Maricaulis
comp7372_c0_seq1.1.1273.minus.P61	0.07	0.58	2.05	0.0452	no	up	K01991	"map02020,map02026"	Marinobacter	2.05	K01991_Marinobacter
comp13316_c0_seq1.3099.5816.plus.P33	96.63	4.15	-4.51	3.42E-11	yes	down	K01681	"map00020,map00630,map00720,map01100,map01110,map01120,map01200,map01210,map01230"	Alteromonas	4.51	K01681_Alteromonas
comp33617_c1_seq1.32.2707.minus.P31	78.33	3.37	-4.5	3.76E-10	yes	down	K01682	"map00020,map00630,map00640,map00720,map01100,map01110,map01120,map01200,map01210,map01230"	Alteromonas	4.5	K01682_Alteromonas
comp38004_c0_seq1.163.1536.plus.P31	5.13	0.3	-3.72	8.63E-07	yes	down	K01679	"map00020,map00620,map00720,map01100,map01110,map01120,map01200,map04934,map05200,map05211"	Alteromonas	3.72	K01679_Alteromonas
comp50232_c58_seq1.557.1564.minus.P32	101.16	6.77	-3.88	1.40E-05	yes	down	K00030	"map00020,map01100,map01110,map01120,map01200,map01210,map01230"	Alteromonas	3.88	K00030_Alteromonas
comp9018_c1_seq1.970.1680.plus.P51	96.17	9.75	-3.29	2.13E-05	yes	down	K00240	"map00020,map00190,map00650,map00720,map01100,map01110,map01120,map01200"	Alteromonas	3.29	K00240_Alteromonas
comp50281_c0_seq1.3761.6580.minus.P32	108.86	7.69	-3.81	5.61E-05	yes	down	K00164	"map00020,map01100,map01110,map01120,map01200"	Alteromonas	3.81	K00164_Alteromonas
comp41981_c0_seq1.20977.23196.plus.P32	78.75	4.28	-4.17	8.54E-05	yes	down	K00031	"map00020,map00480,map00720,map01100,map01110,map01120,map01200,map01210,map01230,map04146,map05230"	Alteromonas	4.17	K00031_Alteromonas
comp50245_c0_seq1.2245.3522.plus.P32	165.95	16.16	-3.35	0.00011	yes	down	K01647	"map00020,map00630,map01100,map01110,map01120,map01200,map01210,map01230"	Alteromonas	3.35	K01647_Alteromonas
comp28576_c0_seq1.24086.25615.plus.P31	58.55	5.58	-3.37	0.000126	yes	down	K01676	"map00020,map00620,map00720,map01100,map01110,map01120,map01200"	Alteromonas	3.37	K01676_Alteromonas
comp9018_c1_seq1.6350.7516.plus.P51	70.47	6.42	-3.44	0.000136	yes	down	K01903	"map00020,map00640,map00660,map00720,map01100,map01110,map01120,map01200"	Alteromonas	3.44	K01903_Alteromonas
comp17300_c1_seq1.1.818.minus.P62	31.87	4.25	-2.88	0.000273	yes	down	K00239	"map00020,map00190,map00650,map00720,map01100,map01110,map01120,map01200,map05134"	Alteromonas	2.88	K00239_Alteromonas
comp9018_c1_seq1.4686.6197.plus.P51	50.97	6.01	-3.06	0.000284	yes	down	K00658	"map00020,map00310,map00380,map01100,map01110,map01120,map01200"	Alteromonas	3.06	K00658_Alteromonas
comp21984_c1_seq7.2818.5502.minus.P71	0.69	0	-2.99	0.00055	yes	down	K01681	"map00020,map00630,map00720,map01100,map01110,map01120,map01200,map01210,map01230"	Maricaulis	2.99	K01681_Maricaulis
comp28395_c0_seq1.20219.20497.plus.P31	21.31	2.25	-3.19	0.000667	yes	down	K00241	"map00020,map00190,map00650,map00720,map01100,map01110,map01120,map01200"	Alteromonas	3.19	K00241_Alteromonas
comp16655_c0_seq3.1737.2933.minus.P52	1.09	0	-3.57	0.000739	yes	down	K01903	"map00020,map00640,map00660,map00720,map01100,map01110,map01120,map01200"	Hwanghaeella	3.57	K01903_Hwanghaeella
comp17525_c1_seq2.52.2334.plus.P11	0	0.55	2.69	0.000757	yes	up	K00031	"map00020,map00480,map00720,map01100,map01110,map01120,map01200,map01210,map01230,map04146,map05230"	Marinobacter	2.69	K00031_Marinobacter
comp33011_c3_seq1.1489.2427.plus.P31	92.59	15.89	-2.54	0.00122	yes	down	K00024	"map00020,map00270,map00620,map00630,map00680,map00710,map00720,map01100,map01110,map01120,map01200"	Alteromonas	2.54	K00024_Alteromonas
comp28395_c0_seq1.20587.20838.plus.P31	29.01	3.41	-3.05	0.00149	yes	down	K00242	"map00020,map00190,map00650,map00720,map01100,map01110,map01120,map01200"	Alteromonas	3.05	K00242_Alteromonas
comp17610_c4_seq1.431.1661.minus.P11	0.53	2.67	2.14	0.00153	yes	up	K00658	"map00020,map00310,map00380,map01100,map01110,map01120,map01200"	Marinobacter	2.14	K00658_Marinobacter
comp19962_c0_seq1.764.2185.minus.P51	4.51	0.4	-3.21	0.00686	no	down	K01679	"map00020,map00620,map00720,map01100,map01110,map01120,map01200,map04934,map05200,map05211"	Oceaniradius	3.21	K01679_Oceaniradius
comp22730_c0_seq1.3910.6747.plus.P21	6.5	19.79	1.59	0.0131	no	up	K00164	"map00020,map01100,map01110,map01120,map01200"	Marinobacter	1.59	K00164_Marinobacter
comp30489_c0_seq1.98.1438.minus.P31	0.94	4.17	2.03	0.0148	no	up	K00658	"map00020,map00310,map00380,map01100,map01110,map01120,map01200"	Psychroserpens	2.03	K00658_Psychroserpens
comp16880_c0_seq1.1.348.minus.P23	0.12	2.04	3.27	0.0155	no	up	K00240	"map00020,map00190,map00650,map00720,map01100,map01110,map01120,map01200"	Psychroserpens	3.27	K00240_Psychroserpens
comp16572_c0_seq3.74.1341.minus.P52	0.38	2.2	2.26	0.0181	no	up	K01681	"map00020,map00630,map00720,map01100,map01110,map01120,map01200,map01210,map01230"	Hwanghaeella	2.26	K01681_Hwanghaeella
comp33190_c0_seq1.467.1772.minus.P61	1.12	4.19	1.81	0.0201	no	up	K01647	"map00020,map00630,map01100,map01110,map01120,map01200,map01210,map01230"	Psychroserpens	1.81	K01647_Psychroserpens
comp33548_c0_seq3.1.606.minus.P31	1.07	3.89	1.77	0.0231	no	up	K00239	"map00020,map00190,map00650,map00720,map01100,map01110,map01120,map01200,map05134"	Marinobacter	1.77	K00239_Marinobacter
comp14256_c0_seq8.1.1248.minus.P13	0.31	2.8	2.83	0.0351	no	up	K00031	"map00020,map00480,map00720,map01100,map01110,map01120,map01200,map01210,map01230,map04146,map05230"	Maricaulis	2.83	K00031_Maricaulis
comp20270_c0_seq8.234.1400.plus.P61	0.35	1.42	1.75	0.0398	no	up	K01903	"map00020,map00640,map00660,map00720,map01100,map01110,map01120,map01200"	Marinobacter	1.75	K01903_Marinobacter
comp50232_c5_seq1.24.521.minus.P32	22.5	2.19	-3.3	9.30E-06	yes	down	K13993	-	Alteromonas	3.3	K13993_Alteromonas
comp14978_c0_seq1.1454.1903.plus.P31	0.72	9.05	3.48	2.28E-05	yes	up	K13993	-	Psychroserpens	3.48	K13993_Psychroserpens
comp157102_c0_seq1.64.603.minus.P42	0.07	1	2.67	0.0396	no	up	K13993	-	Marinobacter	2.67	K13993_Marinobacter
comp15193_c0_seq1.4614.5171.plus.P31	12.37	0.66	-4.04	0.000132	yes	down	K00275	-	Alteromonas	4.04	K00275_Alteromonas
comp122890_c0_seq1.1.383.minus.P63	0.55	3.07	2.28	0.0345	no	up	K00275	-	Maricaulis	2.28	K00275_Maricaulis
comp19882_c0_seq1.42.689.plus.P31	0.12	0.96	2.27	0.0375	no	up	K00275	-	Psychroserpens	2.27	K00275_Psychroserpens
comp50183_c2_seq2.849.1892.plus.P32	64.33	6.92	-3.2	1.70E-05	yes	down	K06949	-	Alteromonas	3.2	K06949_Alteromonas
comp42416_c0_seq1.1043.1993.plus.P32	0.04	0.68	2.51	0.0177	no	up	K06949	-	Psychroserpens	2.51	K06949_Psychroserpens
comp33519_c22_seq6.236.2812.minus.P31	64.25	1.6	-5.25	5.31E-10	yes	down	K03695	-	Alteromonas	5.25	K03695_Alteromonas
comp16482_c0_seq7.95.2707.minus.P63	0.99	0	-3.45	0.000648	yes	down	K03695	-	Maricaulis	3.45	K03695_Maricaulis
comp17220_c1_seq1.1.1121.minus.P62	0.38	2.97	2.69	0.00166	yes	up	K03695	-	Marinobacter	2.69	K03695_Marinobacter
comp40238_c0_seq1.18.2627.plus.P31	0.73	3.15	1.97	0.00498	no	up	K03695	-	Psychroserpens	1.97	K03695_Psychroserpens
comp16482_c0_seq2.1.1967.minus.P63	0.24	2.14	2.73	0.00536	no	up	K03695	-	Hwanghaeella	2.73	K03695_Hwanghaeella
comp33519_c57_seq1.977.2212.minus.P31	224.42	8.46	-4.71	2.83E-09	yes	down	K00029	-	Alteromonas	4.71	K00029_Alteromonas
comp31412_c0_seq2.454.2751.minus.P31	0.53	2.01	1.76	0.0357	no	up	K00029	-	Psychroserpens	1.76	K00029_Psychroserpens
comp29503_c0_seq1.13664.14830.plus.P33	119.9	8.76	-3.76	1.15E-06	yes	down	K03531	-	Alteromonas	3.76	K03531_Alteromonas
comp8751_c0_seq1.1.759.minus.P43	0	19.02	7.58	1.57E-15	yes	up	K00525	-	Foturvirus	7.58	K00525_Foturvirus
comp48931_c0_seq1.4342.6663.plus.P32	42.75	4.65	-3.17	0.000206	yes	down	K00525	-	Alteromonas	3.17	K00525_Alteromonas
comp196143_c0_seq1.1.356.minus.P72	2.13	0	-4.48	0.028	no	down	K00525	-	Hwanghaeella	4.48	K00525_Hwanghaeella
comp17290_c0_seq1.890.1792.plus.P51	36.6	1.81	-4.27	5.63E-05	yes	down	K03570	-	Alteromonas	4.27	K03570_Alteromonas
comp33138_c0_seq3.520.1479.plus.P31	1.46	4.03	1.4	0.0249	no	up	K03570	-	Maricaulis	1.4	K03570_Maricaulis
comp33609_c2_seq1.2098.3108.plus.P31	185.01	8	-4.51	2.11E-10	yes	down	K16171	-	Alteromonas	4.51	K16171_Alteromonas
comp31008_c0_seq1.42.1076.minus.P22	5.2	12.43	1.24	0.0369	no	up	K16171	-	Maricaulis	1.24	K16171_Maricaulis
comp33655_c0_seq1.29776.30822.plus.P31	127.9	11.27	-3.49	1.21E-05	yes	down	K03553	-	Alteromonas	3.49	K03553_Alteromonas
comp33609_c1_seq1.11052.11735.plus.P31	404.48	49.73	-3.02	4.37E-05	yes	down	K03969	-	Alteromonas	3.02	K03969_Alteromonas
comp34337_c0_seq1.5522.7006.plus.P31	5.25	0.26	-3.89	8.97E-08	yes	down	K14161	-	Alteromonas	3.89	K14161_Alteromonas
comp33582_c0_seq1.14766.15788.plus.P31	35.24	2.52	-3.75	2.53E-05	yes	down	K03642	-	Alteromonas	3.75	K03642_Alteromonas
comp46973_c0_seq1.175.732.plus.P11	0	1.09	3.57	0.00353	no	up	K03642	-	Marinobacter	3.57	K03642_Marinobacter
comp30495_c0_seq1.30.1226.minus.P33	199.56	18.64	-3.41	0.000333	yes	down	K03286	-	Alteromonas	3.41	K03286_Alteromonas
comp22120_c0_seq1.1.1027.minus.P11	0.46	2.12	2	0.0123	no	up	K03286	-	Marinobacter	2	K03286_Marinobacter
comp36811_c0_seq1.33.1391.minus.P31	3.46	10.8	1.61	0.0221	no	up	K03286	-	Psychroserpens	1.61	K03286_Psychroserpens
comp13263_c0_seq1.2398.2961.plus.P33	2537.46	19.22	-7.04	5.20E-07	yes	down	K24119	-	Alteromonas	7.04	K24119_Alteromonas
comp18016_c0_seq1.61.624.plus.P53	23.84	4.87	-2.27	0.0218	no	down	K24119	-	Hwanghaeella	2.27	K24119_Hwanghaeella